{
  "project_info": {
    "project_number": "75218348949",
    "project_id": "doll-project-77f75",
    "storage_bucket": "doll-project-77f75.appspot.com"
  },
  "client": [
    {
      "client_info": {
        "mobilesdk_app_id": "1:75218348949:android:1ed651edd7e14447aa649c",
        "android_client_info": {
          "package_name": "com.example.doll_project"
        }
      },
      "oauth_client": [],
      "api_key": [
        {
          "current_key": "AIzaSyAlwSFeNwPHzMtqaBXPnjpNIOKj1T5b-Y0"
        }
      ],
      "services": {
        "appinvite_service": {
          "other_platform_oauth_client": []
        }
      }
    }
  ],
  "configuration_version": "1"
}